abdo	Verb	abdō	abdere	abdidī	abditum
abeo	Verb	abeō	abīre	abiī	abitum
aboleo	Verb	aboleō	abolēre	abolēvī	abolitum
absisto	Verb	absistō	absistere	abstitī
absum	Verb	absum	abesse	āfuī	abfutūrus
acanthus	Noun	acanthus	acanthī	m
accedo	Verb	accēdō	accēdere	accessī	accessum
accingo	Verb	accingō	accingere	accinxī	accinctum
accipio	Verb	accipiō	accipere	accēpī	acceptum
accumbo	Verb	accumbō	accumbere	accubuī	accubitum
acer	Adjective	ācer	ācris	ācre
achates	Noun	achatēs	achatae	m
acies	Noun	aciēs	aciēī	f
actus	Noun	āctus	āctūs	m
addo	Verb	addō	addere	addidī	additum
adeo	Verb	adeō	adīre	adiī	aditum
adflictus	Adjective	adflīctus	adflīcta	adflīctum
adno	Verb	adnō	adnāre	adnāvī	adnātum
adnuo	Verb	adnuō	adnuere	adnuī	adnūtum
adoleo	Verb	adoleō	adolēre
adoleo	Verb	adoleō	adolēre	adoluī	adultum
adoro	Verb	adōrō	adōrāre	adōrāvī	adōrātum
adsum	Verb	adsum	adesse	adfuī	adfutūrus
advenio	Verb	adveniō	advenīre	advēnī	adventum
aeger	Adjective	aeger	aegra	aegrum
aeger	Noun	aeger	aegrī	m
aeneus	Adjective	aēneus	aēnea	aēneum
aenus	Adjective	aēnus	aēna	aēnum
aequor	Noun	aequor	aequoris	n
aequo	Verb	aequō	aequāre	aequāvī	aequātum
aequus	Adjective	aequus	aequa	aequum
aereus	Adjective	aereus	aerea	aereum
aer	Noun	āēr	āeris	m
aes	Noun	aes	aeris	n
aestas	Noun	aestās	aestātis	f
aestus	Noun	aestus	aestūs	m
aetas	Noun	aetās	aetātis	f
aeternus	Adjective	aeternus	aeterna	aeternum
aetherius	Adjective	aetherius	aetheria	aetherium
aether	Noun	aethēr	aetheris	m
africus	Adjective	āfricus	āfrica	āfricum
ager	Noun	ager	agrī	m
agger	Noun	agger	aggeris	m
agmen	Noun	agmen	agminis	n
agnus	Noun	agnus	agnī	m
ago	Verb	agō	agere	ēgī	āctum
aio	Verb	āiō	āiere
ala	Noun	āla	ālae	f
alba	Noun	alba	albae	f
albus	Adjective	albus	alba	album
ales	Adjective	āles	ālitis
alium	Noun	alium	aliī	n
alius	Adjective	alius	alia	aliud
alligo	Verb	alligō	alligāre	alligāvī	alligātum
alo	Verb	alō	alere	aluī	altum
alter	Adjective	alter	altera	alterum
alto	Verb	altō	altāre
altum	Noun	altum	altī	n
altus	Adjective	altus	alta	altum
amans	Noun	amāns	amantis	f
amaracus	Noun	amāracus	amāracī	m
ambages	Noun	ambāges	ambāgis	f
ambiguus	Adjective	ambiguus	ambigua	ambiguum
ambrosia	Noun	ambrosia	ambrosiae	f
amictus	Noun	amictus	amictūs	m
amicus	Adjective	amīcus	amīca	amīcum
amicus	Noun	amīcus	amīcī	m
amor	Noun	amor	amōris	m
amo	Verb	amō	amāre	amāvī	amātum
amplexus	Noun	amplexus	amplexūs	m
amplus	Adjective	amplus	ampla	amplum
ancora	Noun	ancora	ancorae	f
anima	Noun	anima	animae	f
animo	Verb	animō	animāre	animāvī	animātum
animus	Noun	animus	animī	m
annalis	Noun	annālis	annālis	f
annus	Noun	annus	annī	m
antiquo	Verb	antīquō	antīquāre	antīquāvī	antīquātum
antiquus	Adjective	antīquus	antīqua	antīquum
antrum	Noun	antrum	antrī	n
aperio	Verb	aperiō	aperīre	aperuī	apertum
aper	Noun	aper	aprī	m
aperto	Verb	apertō	apertāre	apertāvī	apertus
apo	Verb	apō	apere	apī	aptum
applico	Verb	applicō	applicāre	applicāvī	applicātum
apto	Verb	aptō	aptāre	aptāvī	aptātum
aqua	Noun	aqua	aquae	f
aquilo	Noun	aquilō	aquilōnis	m
ara	Noun	āra	ārae	f
arboreus	Adjective	arboreus	arborea	arboreum
arbor	Noun	arbor	arboris	f
arcanus	Adjective	arcānus	arcāna	arcānum
arceo	Verb	arceō	arcēre	arcuī	arcitum
arcus	Noun	arcus	arcūs	m
ardeo	Verb	ārdeō	ārdēre	ārsī	ārsum
ardesco	Verb	ardēscō	ardēscere	arsī	arsum
argentum	Noun	argentum	argentī	n
aridus	Adjective	āridus	ārida	āridum
arma	Noun	arma	armōrum	n-p
armenta	Noun	armenta
armenta	Noun	armenta	armentae	f
armentum	Noun	armentum	armentī	n
armus	Noun	armus	armī	m
aro	Verb	arō	arāre	arāvī	arātum
ars	Noun	ars	artis	f
artifex	Adjective	artifex	artificis
artifex	Noun	artifex	artificis	m
arto	Verb	artō	artāre	artāvī	artātum
artus	Adjective	artus	arta	artum
artus	Noun	artus	artūs	m
arvum	Noun	arvum	arvī	n
arx	Noun	arx	arcis	f
ascendo	Verb	ascendō	ascendere	ascendī	ascēnsum
aspectus	Noun	aspectus	aspectūs	m
aspero	Verb	asperō	asperāre	asperāvī	asperātum
asperrimus	Adjective	asperrimus	asper
aspicio	Verb	aspiciō	aspicere	aspexī	aspectum
ater	Adjective	āter	ātra	ātrum
atrium	Noun	ātrium	ātriī	n
atrox	Adjective	atrōx	atrōcis
attingo	Verb	attingō	attingere	attigī	attāctum
audeo	Verb	audeō	audēre	ausus sum
audio	Verb	audiō	audīre	audīvī	audītum
auditus	Noun	audītus	audītūs	m
augurium	Noun	augurium	auguriī	n
aulaeum	Noun	aulaeum	aulaei	n
aula	Noun	aula	aulae	f
aura	Noun	aura	aurae	f
aurata	Noun	aurāta	aurātae	f
auratus	Adjective	aurātus	aurāta	aurātum
aureus	Adjective	aureus	aurea	aureum
auris	Noun	auris	auris	f
aurora	Noun	aurōra	aurōrae	f
auro	Verb	aurō	aurāre	aurāvī	aurātum
aurum	Noun	aurum	aurī	n
auxilio	Verb	auxiliō	auxiliāre	auxiliāvī	auxiliātus
auxilium	Noun	auxilium	auxiliī	n
avarus	Adjective	avārus	avāra	avārum
aveho	Verb	āvehō	āvehere	āvexī	āvectum
aversus	Adjective	āversus	āversa	āversum
averto	Verb	āvertō	āvertere	āvertī	āversum
avidus	Adjective	avidus	avida	avidum
bacatus	Adjective	bācātus	bācāta	bācātum
beati	Noun	beātī	beātōrum	m-p
beatus	Adjective	beātus	beāta	beātum
bellatrix	Noun	bellātrīx	bellātrīcis	f
bello	Verb	bellō	bellāre	bellāvī	bellātum
bellum	Noun	bellum	bellī	n
bellus	Adjective	bellus	bella	bellum
benignus	Adjective	benignus	benigna	benignum
bibo	Verb	bibō	bibere	bibī	bibitum
bilinguis	Adjective	bilinguis	bilingue
binus	Adjective	bīnus	bīna	bīnum
biremis	Adjective	birēmis	birēme
biremis	Noun	birēmis	birēmis	f
blandus	Adjective	blandus	blanda	blandum
bona	Noun	bona	bonae	f
bonus	Adjective	bonus	bona	bonum
bonus	Noun	bonus	bonī	m
brevio	Verb	breviō	breviāre	breviāvī	breviātum
cado	Verb	cadō	cadere	cecidī	cāsum
caecus	Adjective	caecus	caeca	caecum
caedes	Noun	caedēs	caedis	f
caedo	Verb	caedō	caedere	cecīdī	caesum
caelestis	Adjective	caelestis	caeleste
caelo	Verb	caelō	caelāre	caelāvī	caelātum
caelum	Noun	caelum	caelī	n
caesaries	Noun	caesariēs	caesariēī	f
caleo	Verb	caleō	calēre	caluī	calitūrus
campus	Noun	campus	campī	m
canistrum	Noun	canistrum	canistrī	n
cano	Verb	canō	canere	cecinī	cantum
cantus	Noun	cantus	cantūs	m
canus	Adjective	cānus	cāna	cānum
capesso	Verb	capessō	capessere	capessīvī	capessitum
capio	Verb	capiō	capere	cēpī	captum
captus	Noun	captus	captūs	m
caput	Noun	caput	capitis	n
carcer	Noun	carcer	carceris	m
cardo	Noun	cardō	cardinis	m
carpo	Verb	carpō	carpere	carpsī	carptum
carus	Adjective	cārus	cāra	cārum
castra	Noun	castra	castrōrum	n-p
castrum	Noun	castrum	castrī	n
casus	Noun	cāsus	cāsūs	m
caterva	Noun	caterva	catervae	f
causa	Noun	causa	causae	f
cavo	Verb	cavō	cavāre	cavāvī	cavātum
cavum	Noun	cavum	cavī	n
cavus	Adjective	cavus	cava	cavum
celebro	Verb	celebrō	celebrāre	celebrāvī	celebrātum
celero	Verb	celerō	celerāre	celerāvī	celerātum
cella	Noun	cella	cellae	f
celo	Verb	cēlō	cēlāre	cēlāvī	cēlātum
celsus	Adjective	celsus	celsa	celsum
cerno	Verb	cernō	cernere	crēvī	crētum
certo	Verb	certō	certāre	certāvi	certātum
certus	Adjective	certus	certa	certum
cervix	Noun	cervīx	cervīcis	f
cervus	Noun	cervus	cervī	m
cesso	Verb	cessō	cessāre	cessāvī	cessātum
ceterus	Adjective	cēterus	cētera	cēterum
chorus	Noun	chorus	chorī	m
cieo	Verb	cieō	ciēre	cīvī	citum
cingo	Verb	cingō	cingere	cīnxī	cīnctum
cingulum	Noun	cingulum	cingulī	n
circumdo	Verb	circumdō	circumdare	circumdedī	circumdatum
cithara	Noun	cithara	citharae	f
citus	Adjective	citus	cita	citum
clamor	Noun	clāmor	clāmōris	m
clarus	Adjective	clārus	clāra	clārum
classis	Noun	classis	classis	f
claudeo	Verb	claudeō	claudēre
claudo	Verb	claudō	claudere	clausī	clausum
claustrum	Noun	claustrum	claustrī	n
clausum	Noun	clausum	clausī	n
coetus	Noun	coetus	coetūs	m
cognitus	Noun	cognitus	cognitūs	m
cognomen	Noun	cōgnōmen	cōgnōminis	n
cogo	Verb	cōgō	cōgere	coēgī	coactum
collecta	Noun	collecta	collectae	f
collis	Noun	collis	collis	m
collum	Noun	collum	collī	n
colonus	Noun	colōnus	colōnī	m
colo	Verb	cōlō	cōlāre	cōlāvī	cōlātum
colo	Verb	colō	colere	coluī	cultum
columna	Noun	columna	columnae	f
coma	Noun	coma	comae	f
comitatus	Noun	comitātus	comitātūs	m
committo	Verb	committō	committere	commīsī	commissum
compages	Noun	compāges	compāgis	f
compello	Verb	compellō	compellāre	compellāvī	compellātum
compello	Verb	compellō	compellere	compulī	compulsum
complector	Verb	complector	complectī	complexus sum
complexus	Noun	complexus	complexūs	m
compono	Verb	compōnō	compōnere	composuī	compositum
concilio	Verb	conciliō	conciliāre	conciliāvī	conciliātum
concludo	Verb	conclūdō	conclūdere	conclūsī	conclūsum
concurro	Verb	concurrō	concurrere	concurrī	concursum
concursus	Noun	concursus	concursūs	m
condo	Verb	condō	condere	condidī	conditum
confido	Verb	cōnfīdō	cōnfīdere	cōnfīsus sum
confugio	Verb	cōnfugiō	cōnfugere	cōnfūgī	cōnfugitum
congressus	Noun	congressus	congressūs	m
coniungo	Verb	coniungō	coniungere	coniunxī	coniunctum
coniunx	Noun	coniūnx	coniugis	m
conscendo	Verb	cōnscendō	cōnscendere	cōnscendī	cōnscensum
conscius	Adjective	cōnscius	cōnscia	cōnscium
consido	Verb	cōnsīdō	cōnsīdere	cōnsēdī	cōnsēssum
consilium	Noun	cōnsilium	cōnsiliī	n
consisto	Verb	cōnsistō	cōnsistere	cōnstitī	cōnstitum
conspectus	Noun	cōnspectus	cōnspectūs	m
conspicio	Verb	cōnspiciō	cōnspicere	cōnspexī	cōnspectum
constituo	Verb	cōnstituō	cōnstituere	cōnstituī	cōnstitūtum
consto	Verb	cōnstō	cōnstāre	cōnstitī	cōnstātum
contendo	Verb	contendō	contendere	contendī	contentum
contingo	Verb	contingō	contingere	contigī	contāctum
contrarius	Adjective	contrārius	contrāria	contrārium
contundo	Verb	contundō	contundere	contudī	contūsum
conubium	Noun	cōnūbium	cōnūbiī	n
convenio	Verb	conveniō	convenīre	convēnī	conventum
convexus	Adjective	convexus	convexa	convexum
convivium	Noun	convīvium	convīviī	n
copia	Noun	cōpia	cōpiae	f
cor	Noun	cor	cordis	n
cornu	Noun	cornū	cornūs	n
corona	Noun	corōna	corōnae	f
corono	Verb	corōnō	corōnāre	corōnāvī	corōnātum
corpus	Noun	corpus	corporis	n
corripio	Verb	corripiō	corripere	corripuī	correptum
coruscus	Adjective	coruscus	corusca	coruscum
costa	Noun	costa	costae	f
cothurnus	Noun	cothurnus	cothurnī	m
cratera	Noun	crātēra	crātērae	f
creber	Adjective	crēber	crēbra	crēbrum
credo	Verb	crēdō	crēdere	crēdidī	crēditum
crinis	Noun	crīnis	crīnis	m
crinitus	Adjective	crīnītus	crīnīta	crīnītum
cristatus	Adjective	cristātus	cristāta	cristātum
croceus	Adjective	croceus	crocea	croceum
crudelis	Adjective	crūdēlis	crūdēle
cruento	Verb	cruentō	cruentāre	cruentāvī	cruentātum
cruentus	Adjective	cruentus	cruenta	cruentum
cumulo	Verb	cumulō	cumulāre	cumulāvī	cumulātum
cunctus	Adjective	cunctus	cuncta	cunctum
cupido	Noun	cupīdō	cupīdinis	f
Cupido	Noun	Cupīdō	Cupīdinis	m
cura	Noun	cūra	cūrae	f
curro	Verb	currō	currere	cucurrī	cursum
currus	Noun	currus	currūs	m
cursus	Noun	cursus	cursūs	m
cuspis	Noun	cuspis	cuspidis	f
custos	Noun	custōs	custōdis	m
daps	Noun	daps	dapis	f
dator	Noun	dator	datōris	m
datum	Noun	datum	datī	n
dea	Noun	dea	deae	f
decorus	Adjective	decōrus	decōra	decōrum
decus	Noun	decus	decoris	n
dedo	Verb	dēdō	dēdere	dēdidī	dēditum
deeo	Verb	deeō	deīre	deiī	deitum
defessus	Adjective	dēfessus	dēfessa	dēfessum
defigo	Verb	dēfīgō	dēfīgere	dēfīxī	dēfīxum
defluo	Verb	dēfluō	dēfluere	dēfluxī	dēfluxum
demissus	Adjective	dēmissus	dēmissa	dēmissum
demitto	Verb	dēmittō	dēmittere	dēmīsī	dēmissum
dependeo	Verb	dēpendeō	dēpendēre	dēpendī
deripio	Verb	dēripiō	dēripere	dēripuī	dēreptum
desisto	Verb	dēsistō	dēsistere	dēstitī	dēstitum
despecto	Verb	dēspectō	dēspectāre	dēspectāvī	dēspectātus
detrudo	Verb	dētrūdō	dētrūdere	dētrūsī	dētrūsum
deus	Noun	deus	deī	m
dextra	Noun	dextra	dextrae	f
dicio	Noun	dicio	diciōnis	f
dico	Verb	dīcō	dīcere	dīxī	dictum
dicto	Verb	dictō	dictāre	dictāvī	dictātum
dictum	Noun	dictum	dictī	n
dido	Verb	dīdō	dīdere	dīdidī	dīditum
dies	Noun	diēs	diēī	m
diffundo	Verb	diffundō	diffundere	diffūdī	diffūsum
digno	Verb	dignō	dignāre	dignavī	dignatum
dignus	Adjective	dīgnus	dīgna	dīgnum
dilectus	Noun	dīlēctus	dīlēctūs	m
dimitto	Verb	dīmittō	dīmittere	dīmīsī	dīmissum
dirigo	Verb	dīrigō	dīrigere	dīrexī	dīrectum
dirus	Adjective	dīrus	dīra	dīrum
disco	Verb	discō	discere	didicī	discitum
discrimen	Noun	discrīmen	discrīminis	n
discrimino	Verb	discrīminō	discrīmināre	discrīmināvī	discrīminātum
discumbo	Verb	discumbō	discumbere	discubuī	discubitum
discus	Noun	discus	discī	m
disicio	Verb	disiciō	disicere	disiēcī	disiectum
disiungo	Verb	disiungō	disiungere	disiūnxī	disiūnctum
dispello	Verb	dispellō	dispellere	dispulī	dispulsum
dissimulo	Verb	dissimulō	dissimulāre	dissimulāvī	dissimulātum
distendo	Verb	distendō	distendere	distendī	distentum
diversus	Adjective	dīversus	dīversa	dīversum
dives	Adjective	dīves	dīvitis
divido	Verb	dīvidō	dividere	dīvīsī	dīvīsum
divinus	Adjective	dīvīnus	dīvīna	dīvīnum
divus	Adjective	dīvus	dīva	dīvum
divus	Noun	dīvus	dīvī	m
doceo	Verb	doceō	docēre	docuī	doctum
doleo	Verb	doleō	dolēre	doluī	dolitum
dolor	Noun	dolor	dolōris	m
dolo	Verb	dolō	dolāre	dolāvī	dolātum
dolus	Noun	dolus	dolī	m
dominor	Verb	dominor	dominārī	dominātus sum
dominus	Noun	dominus	dominī	m
domo	Verb	domō	domāre	domuī	domitum
domus	Noun	domus	domūs	domi
dono	Verb	dōnō	dōnāre	dōnāvī	dōnātum
donum	Noun	dōnum	dōnī	n
dorsum	Noun	dorsum	dorsī	n
do	Verb	dō	dare	dedī	datum
dubius	Adjective	dubius	dubia	dubium
duco	Verb	dūcō	dūcere	dūxī	ductum
ductor	Noun	ductor	ductōris	m
dulcia	Noun	dulcia	dulciōrum	n-p
dulcis	Adjective	dulcis	dulce
dulco	Verb	dulcō	dulcāre	dulcāvī	dulcātum
duplex	Adjective	duplex	duplicis
duplico	Verb	duplicō	duplicāre	duplicāvī	duplicātum
duro	Verb	dūrō	dūrāre	dūrāvī	dūrātum
durus	Adjective	dūrus	dūra	dūrum
dux	Noun	dux	ducis	m
ebur	Noun	ebur	eboris	n
edo	Verb	ēdō	ēdere	ēdidī	ēditum
edo	Verb	edō	edere	ēdī	ēsum
educo	Verb	ēducō	ēducāre	ēducāvī	ēducātum
educo	Verb	ēdūcō	ēdūcere	ēdūxī	ēductum
effero	Verb	efferō	efferāre	efferāvī	efferātum
effero	Verb	efferō	efferre	extulī	ēlātum
efficio	Verb	efficiō	efficere	effēcī	effectum
effodio	Verb	effodiō	effodere	effōdī	effossum
effundo	Verb	effundō	effundere	effūdī	effūsum
egenus	Adjective	egēnus	egēna	egēnum
egregius	Adjective	ēgregius	ēgregia	ēgregium
egressus	Noun	ēgressus	ēgressūs	m
eo	Verb	eō	īre	iī	itum
epulum	Noun	epulum	epulī	n
equus	Noun	equus	equī	m
eripio	Verb	ēripiō	ēripere	ēripuī	ēreptum
error	Noun	error	errōris	m
erro	Verb	errō	errāre	errāvī	errātum
erumpo	Verb	ērumpō	ērumpere	ērūpī	ēruptum
eurus	Noun	eurus	eurī	m
everto	Verb	ēvertō	ēvertere	ēvertī	ēversum
exaudio	Verb	exaudiō	exaudīre	exaudīvī	exaudītum
excedo	Verb	excēdō	excēdere	excessī	excessum
excidium	Noun	excidium	excidiī	n
excido	Verb	excidō	excidere	excidī
excido	Verb	excīdō	excīdere	excīdī	excīsum
excipio	Verb	excipiō	excipere	excēpī	exceptum
excudo	Verb	excūdō	excūdere	excūdī	excūsum
excutio	Verb	excutiō	excutere	excussī	excussum
exeo	Verb	exeō	exīre	exiī	exitum
exerceo	Verb	exerceō	exercēre	exercuī	exercitum
exigo	Verb	exigō	exigere	exēgī	exāctum
expedio	Verb	expediō	expedīre	expedīvī	expedītum
expleo	Verb	expleō	explēre	explēvī	explētum
exploro	Verb	explōrō	explōrāre	explōrāvī	explōrātum
extremus	Noun	extremus	extremī	m
exuo	Verb	exuō	exuere	exuī	exūtum
exuro	Verb	exūrō	exūrere	exussī	exustum
facies	Noun	faciēs	faciēī	f
facilis	Adjective	facilis	facile
facio	Verb	faciō	facere	fēcī	factum
factum	Noun	factum	factī	n
fallo	Verb	fallō	fallere	fefellī	falsum
fama	Noun	fāma	fāmae	f
fames	Noun	famēs	famis	f
famula	Noun	famula	famulae	f
famulus	Adjective	famulus	famula	famulum
famulus	Noun	famulus	famulī	m
fastigium	Noun	fastīgium	fastīgiī	n
fatigo	Verb	fatīgō	fatīgāre	fatīgāvī	fatīgātum
fatum	Noun	fātum	fātī	n
fatus	Noun	fātus	fātūs	m
fax	Noun	fax	facis	f
felix	Adjective	fēlīx	fēlīcis
femina	Noun	fēmina	fēminae	f
ferio	Verb	feriō	ferīre	ferīvī	ferītum
ferocia	Noun	ferōcia	ferōciae	f
fero	Verb	ferō	ferre	tulī	lātum
ferox	Adjective	ferōx	ferōcis
ferrum	Noun	ferrum	ferrī	n
ferus	Adjective	ferus	fera	ferum
ferveo	Verb	ferveō	fervēre	ferbuī	fervitum
fessus	Adjective	fessus	fessa	fessum
feto	Verb	fētō	fētāre	fētāvī	fētātum
fetus	Adjective	fētus	fēta	fētum
fides	Noun	fidēs	fideī	f
fido	Verb	fīdō	fīdere	fīsus sum
fiducia	Noun	fīdūcia	fīdūciae	f
fidus	Adjective	fīdus	fīda	fīdum
figo	Verb	fīgō	fīgere	fixī	fixum
filius	Noun	fīlius	fīliī	m
finis	Noun	fīnis	fīnis	m
flamma	Noun	flamma	flammae	f
flammo	Verb	flammō	flammāre	flammāvī	flammātum
flavus	Adjective	flāvus	flāva	flāvum
flecto	Verb	flectō	flectere	flexī	flexum
flos	Noun	flōs	flōris	m
fluctus	Noun	flūctus	flūctūs	m
flumen	Noun	flūmen	flūminis	n
fluvius	Noun	fluvius	fluviī	m
foedus	Noun	foedus	foederis	n
folium	Noun	folium	foliī	n
fomes	Noun	fōmes	fōmitis	f
fons	Noun	fōns	fontis	m
foris	Noun	foris	foris	f
forma	Noun	fōrma	fōrmae	f
fors	Noun	fōrs	fōrtis	f
fortis	Adjective	fortis	forte
fortuna	Noun	fortūna	fortūnae	f
fortunatus	Adjective	fortūnātus	fortūnāta	fortūnātum
for	Verb	for	fārī	fātus sum
foveo	Verb	foveō	fovēre	fōvī	fōtum
fragor	Noun	fragor	fragōris	m
frango	Verb	frangō	frangere	frēgī	fractum
frater	Noun	frāter	frātris	m
fremo	Verb	fremō	fremere	fremuī	fremitum
freno	Verb	frēnō	frēnāre	frēnāvī	frēnātum
frequento	Verb	frequentō	frequentāre	frequentāvī	frequentātum
fretum	Noun	fretum	fretī	n
frigus	Noun	frīgus	frīgoris	n
frons	Noun	frōns	frontis	f
frustum	Noun	frustum	frustī	n
frux	Noun	frūx	frūgis	f
fuga	Noun	fuga	fugae	f
fugio	Verb	fugiō	fugere	fūgī	fugitum
fugo	Verb	fugō	fugāre	fugāvī	fugātum
fulmen	Noun	fulmen	fulminis	n
fulvus	Adjective	fulvus	fulva	fulvum
funalis	Adjective	fūnālis	fūnāle
fundamentum	Noun	fundāmentum	fundāmentī	n
fundo	Verb	fundō	fundere	fūdī	fūsum
funus	Noun	fūnus	fūneris	n
furia	Noun	furia	furiae	f
furor	Verb	fūror	fūrārī	fūrātus sum
furo	Verb	furō	furere	furuī
fusus	Noun	fūsus	fūsi	m
galea	Noun	galea	galeae	f
gaudium	Noun	gaudium	gaudiī	n
gaza	Noun	gaza	gazae	f
gemini	Noun	geminī	geminōrum	m-p
geminus	Adjective	geminus	gemina	geminum
gemitus	Noun	gemitus	gemitūs	m
gemma	Noun	gemma	gemmae	f
gemo	Verb	gemō	gemere	gemuī	gemitum
genetrix	Noun	genetrix	genetricis	f
genitor	Noun	genitor	genitōris	m
gens	Noun	gēns	gentis	f
genu	Noun	genū	genūs	n
genus	Noun	genus	generis	n
germanus	Adjective	germānus	germāna	germānum
gero	Verb	gerō	gerere	gessī	gestum
gesto	Verb	gestō	gestāre	gestāvī	gestātum
gigno	Verb	gignō	gignere	genuī	genitum
glaeba	Noun	glaeba	glaebae	f
glomero	Verb	glomerō	glomerāre	glomerāvī	glomerātum
gradior	Verb	gradior	gradī	gressus sum
gradus	Noun	gradus	gradūs	m
grandaevus	Adjective	grandaevus	grandaeva	grandaevum
gravis	Adjective	gravis	grave
gravo	Verb	gravō	gravāre	gravāvī	gravātum
gremium	Noun	gremium	gremiī	n
gressus	Noun	gressus	gressūs	m
gurges	Noun	gurges	gurgitis	m
gusto	Verb	gustō	gustāre	gustāvī	gustātum
habena	Noun	habēna	habēnae	f
habeo	Verb	habeō	habēre	habuī	habitum
habilis	Adjective	habilis	habile
habitus	Noun	habitus	habitūs	m
haereo	Verb	haereō	haerēre	haesī	haesum
halo	Verb	hālō	hālāre	hālāvī	hālātum
harena	Noun	harēna	harēnae	f
hasta	Noun	hasta	hastae	f
hastile	Noun	hastīle	hastīlis	n
haurio	Verb	hauriō	haurīre	hausī	haustum
herba	Noun	herba	herbae	f
heros	Noun	hērōs	hērōis	m
hiberno	Verb	hībernō	hībernāre	hībernāvī	hībernātum
hibernus	Adjective	hībernus	hīberna	hībernum
hiemo	Verb	hiemō	hiemāre	hiemāvī	hiemātum
hiems	Noun	hiems	hiemis	f
homo	Noun	homō	hominis	m
honor	Noun	honor	honōris	m
honoro	Verb	honōrō	honōrāre	honōrāvī	honōrātum
honos	Noun	honos	honōris	m
horridus	Adjective	horridus	horrida	horridum
hospes	Noun	hospes	hospitis	m
hospitium	Noun	hospitium	hospitiī	n
hostia	Noun	hostia	hostiae	f
hostis	Noun	hostis	hostis	m
humanus	Adjective	hūmānus	hūmāna	hūmānum
hymenaeus	Noun	hymenaeus	hymenaeī	m
iaceo	Verb	iaceō	iacēre	iacuī	iacitum
iactans	Adjective	iactans	iactantis
iacto	Verb	iactō	iactāre	iactāvī	iactātum
ignarus	Adjective	ignārus	ignāra	ignārum
ignis	Noun	ignis	ignis	m
ignobilis	Adjective	ignōbilis	ignōbile
ignotus	Adjective	ignōtus	ignōta	ignōtum
ile	Noun	īle	īlis	n
iliacus	Adjective	īliacus	īliaca	īliacum
imago	Noun	imāgō	imāginis	f
imber	Noun	imber	imbris	m
immaneo	Verb	immaneō	immanēre	immansī
immanior	Adjective	immānior	immānis
immanis	Adjective	immānis	immāne
immineo	Verb	immineō	imminēre	imminuī	imminitum
immitis	Adjective	immītis	immīte
immotus	Adjective	immōtus	immōta	immōtum
impar	Adjective	impar	imparis
impello	Verb	impellō	impellere	impulī	impulsum
imperium	Noun	imperium	imperiī	n
impiger	Adjective	impiger	impigra	impigrum
impius	Adjective	impius	impia	impium
impleo	Verb	impleō	implēre	implēvī	implētum
implico	Verb	implicō	implicāre	implicāvī	implicātum
impono	Verb	impōnō	impōnere	imposuī	impositum
improvisus	Adjective	imprōvīsus	imprōvīsa	imprōvīsum
inanis	Adjective	inānis	ināne
incautus	Adjective	incautus	incauta	incautum
incedo	Verb	incēdō	incēdere	incessī	incessum
incendium	Noun	incendium	incendiī	n
incendo	Verb	incendō	incendere	incendī	incensum
incepto	Verb	inceptō	inceptāre	inceptāvī	inceptātum
incesso	Verb	incessō	incessere	incesivī	incessum
incessus	Noun	incessus	incessūs	m
incipio	Verb	incipiō	incipere	incēpī	inceptum
incognitus	Adjective	incognitus	incognita	incognitum
incubo	Verb	incubō	incubāre	incubuī	incubitum
incultus	Adjective	incultus	inculta	incultum
incuso	Verb	incūsō	incūsāre	incūsāvī	incūsātum
incutio	Verb	incutiō	incutere	incussī	incussum
indico	Verb	indicō	indicāre	indicāvī	indicātum
induo	Verb	induō	induere	induī	indūtum
inermis	Adjective	inermis	inerme
infandus	Adjective	īnfandus	īnfanda	īnfandum
infelix	Adjective	īnfēlīx	īnfēlīcis
infero	Verb	īnferō	īnferre	intulī	illātum
infigo	Verb	īnfīgō	īnfīgere	īnfīxī	īnfīxum
ingemino	Verb	ingeminō	ingemināre	ingemināvī	ingeminātum
ingemo	Verb	ingemō	ingemere	ingemuī	ingemitum
ingens	Adjective	ingēns	ingentis
inhumatus	Adjective	inhumātus	inhumāta	inhumātum
inimicus	Noun	inimīcus	inimīcī	m
iniquus	Adjective	inīquus	inīqua	inīquum
iniuria	Noun	iniūria	iniūriae	f
inscius	Adjective	īnscius	īnscia	īnscium
inscribo	Verb	īnscrībō	īnscrībere	īnscrīpsī	īnscrīptum
insequor	Verb	īnsequor	īnsequī	īnsecūtus sum
insidia	Noun	īnsidia	īnsidiae	f
insignis	Adjective	īnsignis	īnsigne
inspiro	Verb	īnspīrō	īnspīrāre	īnspīrāvī	īnspīrātum
insto	Verb	īnstō	īnstāre	īnstitī	īnstātum
instruo	Verb	īnstruō	īnstruere	īnstrūxī	īnstrūctum
insula	Noun	īnsula	īnsulae	f
intactus	Adjective	intactus	intacta	intactum
intento	Verb	intentō	intentāre	intentāvī	intentātum
intimus	Adjective	intimus	intima	intimum
invisus	Adjective	invīsus	invīsa	invīsum
invius	Adjective	invius	invia	invium
ira	Noun	īra	īrae	f
italus	Adjective	ītalus	ītala	ītalum
italus	Noun	italus	italī	m
iter	Noun	iter	itineris	n
iubeo	Verb	iubeō	iubēre	iussī	iussum
iudicium	Noun	iūdicium	iūdiciī	n
iugo	Verb	iugō	iugāre	iugāvī	iugātum
iugum	Noun	iugum	iugī	n
iulius	Adjective	iūlius	iūlia	iūlium
iulus	Noun	iulus	iulī	m
iungo	Verb	iungō	iungere	iūnxī	iūnctum
iuro	Verb	iūrō	iūrāre	iūrāvī	iūrātum
ius	Noun	iūs	iūris	n
iussus	Noun	iussus	iussus	m
iustior	Adjective	iūstior	iūstus
iustitia	Noun	iūstitia	iūstitiae	f
iustus	Adjective	iūstus	iūsta	iūstum
iuvenis	Adjective	iuvenis	iuvenis
iuvenis	Noun	iuvenis	iuvenis	n
iuventa	Noun	iuventa	iuventae	f
iuventus	Noun	iuventus	iuventūtis	f
iuvo	Verb	iuvō	iuvāre	iūvī	iūtum
labor	Noun	labor	labōris	m
laboro	Verb	labōrō	labōrāre	labōrāvī	labōrātum
lacrima	Noun	lacrima	lacrimae	f
laetissimus	Adjective	laetissimus	laetissima	laetissimum
laetitia	Noun	laetitia	laetitiae	f
laeto	Verb	laetō	laetāre	laetāvī	laetātum
laetus	Adjective	laetus	laeta	laetum
laevus	Adjective	laevus	laeva	laevum
lapis	Noun	lapis	lapidis	m
lapsus	Noun	lāpsus	lāpsus	m
laquear	Noun	laquear	laqueāris	n
largus	Adjective	largus	larga	largum
latinus	Adjective	latīnus	latīna	latīnum
latio	Noun	lātiō	lātiōnis	f
latus	Noun	latus	lateris	n
laudo	Verb	laudō	laudāre	laudāvī	laudātum
laus	Noun	laus	laudis	f
laxo	Verb	laxō	laxāre	laxāvī	laxātum
laxus	Adjective	laxus	laxa	laxum
lego	Verb	legō	legere	lēgī	lēctum
levis	Adjective	levis	leve
levo	Verb	levō	levāre	levāvī	levātum
lex	Noun	lēx	lēgis	f
libo	Verb	lībō	lībāre	lībāvī	lībātum
libycus	Adjective	libycus	libyca	libycum
licet	Verb	licet	licēre	licuit	licitum
limen	Noun	līmen	līminis	n
linquo	Verb	linquō	linquere	līquī	līctus
litus	Noun	lītus	lītoris	n
loco	Verb	locō	locāre	locāvī	locātum
locus	Noun	locus	locī	m
longus	Adjective	longus	longa	longum
loquor	Verb	loquor	loquī	locūtus sum
lorum	Noun	lōrum	lōrī	n
luceo	Verb	lūceō	lūcēre	luxī
lucus	Noun	lūcus	lūcī	m
ludo	Verb	lūdō	lūdere	lūsī	lūsum
ludus	Noun	lūdus	lūdī	m
lumen	Noun	lūmen	lūminis	n
luna	Noun	lūna	lūnae	f
luno	Verb	lūnō	lūnāre	lūnāvī	lūnātum
luo	Verb	luō	luere	luī
luo	Verb	luō	luere	luī
lupa	Noun	lupa	lupae	f
lustro	Verb	lustrō	lustrāre	lustrāvī	lustrātum
lustrum	Noun	lustrum	lustrī	n
lustrum	Noun	lustrum	lustrī	n
lux	Noun	lūx	lūcis	f
luxus	Adjective	luxus	luxa	luxum
luxus	Noun	luxus	luxūs	m
luxus	Noun	luxus	luxūs	m
lychnus	Noun	lychnus	lychnī	m
lympho	Verb	lymphō	lymphāre	lymphāvī	lymphātum
lynx	Noun	lynx	lyncis	c
maculosus	Adjective	maculōsus	maculōsa	maculōsum
maestus	Adjective	maestus	maesta	maestum
magister	Noun	magister	magistrī	m
magistratus	Noun	magistrātus	magistrātūs	m
magnanimus	Adjective	magnanimus	magnanima	magnanimum
magnus	Adjective	magnus	magna	magnum
maior	Adjective	māior	magnus
maius	Adjective	māius	māia	māium
malus	Adjective	malus	mala	malum
mamma	Noun	mamma	mammae	f
maneo	Verb	maneō	manēre	mansī	mansum
manus	Noun	manus	manūs	f
mare	Noun	mare	maris	n
Mars	Noun	Mars	Martis	m
mas	Noun	mās	maris	m
mater	Noun	māter	mātris	f
medio	Verb	mediō	mediāre	mediāvī	mediātum
meditor	Verb	meditor	meditārī	meditātus sum
medius	Adjective	medius	media	medium
melior	Adjective	melior	bonus
mella	Noun	mella	mellae	f
membrum	Noun	membrum	membrī	n
memor	Adjective	memor	memoris
memoro	Verb	memorō	memorāre	memorāvī	memorātum
mensa	Noun	mēnsa	mēnsae	f
mensis	Noun	mēnsis	mēnsis	m
mens	Noun	mēns	mentis	f
meo	Verb	meō	meāre	meāvī	meātum
merus	Adjective	merus	mera	merum
meta	Noun	mēta	mētae	f
metus	Noun	metus	metūs	m
meus	Adjective	meus	mea	meum
mico	Verb	micō	micāre	micuī
minister	Noun	minister	ministrī	m
ministro	Verb	ministrō	ministrāre	ministrāvī	ministrātum
minor	Adjective	minor	parvus
mirabile	Noun	mīrābile	mīrābilis	n
mirabilis	Adjective	mīrābilis	mīrābile
miror	Verb	mīror	mīrārī	mīrātus sum
mirus	Adjective	mīrus	mīra	mīrum
misceo	Verb	misceō	miscēre	miscuī	mixtum
miserabilis	Adjective	miserābilis	miserābile
miser	Adjective	miser	misera	miserum
mitto	Verb	mittō	mittere	mīsī	missum
modus	Noun	modus	modī	m
moene	Noun	moene	moenis	n
moenia	Noun	moenia	moenium	n-p
mola	Noun	mola	molae	f
moles	Noun	mōles	mōlis	f
molior	Verb	mōlior	mōlīrī	mōlītus sum
mollio	Verb	molliō	mollīre	mollīvī	mollītum
mollis	Adjective	mollis	molle
monile	Noun	monīlis	monīlis	n
mons	Noun	mōns	montis	m
monstro	Verb	mōnstrō	mōnstrāre	mōnstrāvī	mōnstrātum
mora	Noun	mora	morae	f
moror	Verb	moror	morārī	morātus sum
morsus	Noun	morsus	morsūs	m
mortalis	Adjective	mortālis	mortāle
mos	Noun	mōs	mōris	m
motus	Noun	mōtus	mōtūs	m
moveo	Verb	moveō	movēre	mōvī	mōtum
mulceo	Verb	mulceō	mulcēre	mulsī	mulsum
multo	Verb	multō	multāre	multāvī	multātum
munero	Verb	mūnerō	mūnerāre	mūnerāvī	mūnerātum
munio	Verb	mūniō	mūnīre	mūnīvī	mūnītum
munus	Noun	mūnus	mūneris	n
murmur	Noun	murmur	murmuris	n
murus	Noun	mūrus	mūri	m
musa	Noun	mūsa	mūsae	f
muto	Verb	mūtō	mūtāre	mūtāvī	mūtātum
nascor	Verb	nāscor	nāscī	nātus sum
nata	Noun	nāta	nātae	f
nato	Verb	natō	natāre	natāvī	natātum
navigo	Verb	nāvigō	nāvigāre	nāvigāvī	nāvigātum
navis	Noun	nāvis	nāvis	f
navo	Verb	nāvō	nāvāre	nāvāvī	nāvātum
navus	Adjective	nāvus	nāva	nāvum
nebula	Noun	nebula	nebulae	f
nefandus	Adjective	nefandus	nefanda	nefandum
nemus	Noun	nemus	nemoris	n
nequeo	Verb	nequeō	nequīre	nequiī	nequitum
nescio	Verb	nesciō	nescīre	nescīvī	nescītum
nescius	Adjective	nescius	nescia	nescium
nexus	Noun	nexus	nexūs	m
niger	Adjective	niger	nigra	nigrum
nimbosus	Adjective	nimbōsus	nimbōsa	nimbōsum
nimbus	Noun	nimbus	nimbī	m
niveus	Adjective	niveus	nivea	niveum
nodo	Verb	nōdō	nōdāre	nōdāvī	nōdātum
nodus	Noun	nōdus	nodī	m
nomen	Noun	nōmen	nōminis	n
nomine	Noun	nōmine
noster	Adjective	noster	nostra	nostrum
nota	Noun	nota	notae	f
noto	Verb	notō	notāre	notāvī	notātum
novitas	Noun	novitās	novitātis	f
novo	Verb	novō	novāre	novāvī	novātum
novus	Adjective	novus	nova	novum
noxa	Noun	noxa	noxae	f
nox	Noun	nox	noctis	f
nubes	Noun	nūbēs	nūbis	f
nubo	Verb	nūbō	nūbere	nūpsī	nūptum
nudo	Verb	nūdō	nūdāre	nūdāvī	nūdātum
numen	Noun	nūmen	nūminis	n
numero	Verb	numerō	numerāre	numerāvī	numerātum
numerus	Noun	numerus	numerī	m
nuntio	Verb	nūntiō	nūntiāre	nūntiāvī	nūntiātum
nutrimentum	Noun	nūtrīmentum	nūtrīmentī	n
nutrix	Noun	nūtrīx	nūtrīcis	f
obruo	Verb	obruō	obruere	obruī	obrutum
obscuro	Verb	obscūrō	obscūrāre	obscūrāvī	obscūrātum
obscurus	Adjective	obscūrus	obscūra	obscūrum
obstipesco	Verb	obstipēscō	obstipēscere	obstipuī
obsto	Verb	obstō	obstāre	obstitī	obstātum
obtusus	Adjective	obtūsus	obtūsa	obtūsum
obvio	Verb	obviō	obviāre	obviāvī
occasus	Adjective	occāsus	occāsa	occāsum
occasus	Noun	occāsus	occāsūs	m
occido	Verb	occidō	occidere	occidī	occāsum
occido	Verb	occīdō	occīdere	occīdī	occīsum
occubo	Verb	occubō	occubāre	occubuī	occubitum
occulo	Verb	occulō	occulere	occuluī	occultum
occumbo	Verb	occumbō	occumbere	occumbuī	occumbitum
occurro	Verb	occurrō	occurrere	occurrī	occursum
oceanus	Noun	ōceanus	ōceanī	m
oculus	Noun	oculus	oculī	m
odium	Noun	odium	odiī	n
odor	Noun	odor	odōris	m
officio	Verb	officiō	officere	offēcī	offectum
officium	Noun	officium	officiī	n
omen	Noun	ōmen	ōminis	n
omnia	Noun	omnia	omnium	n-p
omnipotens	Adjective	omnipotēns	omnipotentis
omnis	Adjective	omnis	omne
onero	Verb	onerō	onerāre	onerāvī	onerātum
onus	Noun	onus	oneris	n
onustus	Adjective	onustus	onusta	onustum
operio	Verb	operiō	operīre	operuī	opertum
opimus	Adjective	opīmus	opīma	opīmum
oppeto	Verb	oppetō	oppetere	oppetīvī	oppetītum
ops	Noun	ops	opis	f
optimus	Adjective	optimus	bonus
opto	Verb	optō	optāre	optāvī	optātum
opulentus	Adjective	opulentus	opulenta	opulentum
opus	Noun	opus	operis	n
ora	Noun	ōra	ōrae	f
orans	Noun	ōrāns	ōrantis	m
orbis	Noun	orbis	orbis	m
ordo	Noun	ōrdō	ōrdinis	m
oriens	Noun	oriēns	orientis	m
origo	Noun	orīgo	orīginis	f
oro	Verb	ōrō	ōrāre	ōrāvī	ōrātum
ortus	Noun	ortus	ortūs	m
osculum	Noun	ōsculum	ōsculī	n
os	Noun	ōs	ōris	n
os	Noun	os	ossis	n
ostendo	Verb	ostendō	ostendere	ostendī	ostentum
ostium	Noun	ostium	ostiī	n
ostrum	Noun	ostrum	ostrī	n
pabulum	Noun	pābulum	pābulī	n
pallidus	Adjective	pallidus	pallida	pallidum
palma	Noun	palma	palmae	f
paratus	Noun	parātus	parātūs	m
Parca	Noun	Parca	Parcae	f
parco	Verb	parcō	parcere	pepercī	parsum
parens	Noun	parēns	parentis	m
pareo	Verb	pāreō	pārēre	pāruī	pāritum
pares	Adjective	parēs
paro	Verb	parō	parāre	parāvī	parātum
pars	Noun	pars	partis	f
partio	Verb	partiō	partīre	partīvī	partītum
partus	Noun	partus	partūs	m
pasco	Verb	pāscō	pāscere	pāvī	pāstum
passus	Noun	passus	passūs	m
pateo	Verb	pateō	patēre	patuī
patera	Noun	patera	paterae	f
pater	Noun	pater	patris	m
patior	Verb	patior	patī	passus sum
patria	Noun	patria	patriae	f
patrius	Adjective	patrius	patria	patrium
paucus	Adjective	paucus	pauca	paucum
pax	Noun	pāx	pācis	f
pectus	Noun	pectus	pectoris	n
pecus	Noun	pecus	pecoris	n
pecus	Noun	pecus	pecudis	f
pedes	Adjective	pedes	peditis
pedes	Noun	pedes	peditis	m
pelagus	Noun	pelagus	pelagī	n
pelta	Noun	pelta	peltae	f
penas	Noun	penās	penātis	m
pendo	Verb	pendō	pendere	pependī	pensum
penetro	Verb	penētrō	penētrāre	penētrāvī	penētrātum
penitus	Adjective	penitus	penita	penitum
penus	Noun	penus	penoris	penus
peragro	Verb	peragrō	peragrāre	peragrāvī	peragrātum
perfero	Verb	perferō	perferre	pertulī	perlātum
perflo	Verb	perflō	perflāre	perflāvī	perflātum
pergo	Verb	pergō	pergere	perrexī	perrectum
periculum	Noun	perīculum	perīculī	n
perlabor	Verb	perlābor	perlābī	perlāpsus sum
permitto	Verb	permittō	permittere	permīsī	permissum
persolvo	Verb	persolvō	persolvere	persolvī	persolūtum
persono	Verb	personō	personāre	personuī	personātum
pertempto	Verb	pertemptō	pertemptāre	pertemptāvī	pertemptātum
pes	Noun	pēs	pedis	m
pestis	Noun	pestis	pestis	f
peto	Verb	petō	petere	petīvī	petītum
pharetra	Noun	pharetra	pharetrae	f
pictura	Noun	pictūra	pictūrae	f
pietas	Noun	pietās	pietātis	f
pingo	Verb	pingō	pingere	pinxī	pictum
pinguis	Adjective	pinguis	pingue
pio	Verb	piō	piāre	piāvī	piātum
pius	Adjective	pius	pia	pium
placidus	Adjective	placidus	placida	placidum
placo	Verb	plācō	plācāre	plācāvī	plācātum
plaga	Noun	plāga	plāgae	f
plenus	Adjective	plēnus	plēna	plēnum
plurimus	Adjective	plūrimus	plūrima	plūrimum
pluvia	Noun	pluvia	pluviae	f
poculum	Noun	pōculum	pōculī	n
poena	Noun	poena	poenae	f
polus	Noun	polus	polī	m
pondus	Noun	pondus	ponderis	n
pono	Verb	pōnō	pōnere	posuī	positum
ponto	Noun	pontō	pontōnis	m
pontus	Noun	pontus	pontī	m
popularis	Adjective	populāris	populāre
popularis	Noun	populāris	populāris	n
populus	Noun	populus	populī	m
porta	Noun	porta	portae	f
porto	Verb	portō	portāre	portāvī	portātum
portus	Noun	portus	portūs	m
posco	Verb	poscō	poscere	poposcī
possum	Verb	possum	posse	potuī
potentia	Noun	potentia	potentiae	f
potior	Verb	potior	potīrī	potītus sum
praeda	Noun	praeda	praedae	f
praemitto	Verb	praemittō	praemittere	praemīsī	praemissum
praemium	Noun	praemium	praemiī	n
praeruptus	Adjective	praeruptus	praerupta	praeruptum
praesens	Adjective	praesens	praesentis
praesto	Verb	praestō	praestāre	praestitī	praestātum
praeverto	Verb	praevertō	praevertere	praevertī	praevertum
premere	Verb	verb form
premo	Verb	premō	premere	pressī	pressum
primus	Adjective	prīmus	prīma	prīmum
princeps	Adjective	prīnceps	prīncipis
princeps	Noun	prīnceps	prīncipis	m
procax	Adjective	procāx	procācis
procella	Noun	procella	procellae	f
procer	Noun	procer	proceris	m
prodo	Verb	prōdō	prōdere	prōdidī	prōditum
profectus	Noun	prōfectus	prōfectūs	m
profugus	Adjective	profugus	profuga	profugum
profundum	Noun	profundum	profundī	n
profundus	Adjective	profundus	profunda	profundum
progenies	Noun	prōgeniēs	prōgeniēī	f
prohibeo	Verb	prohibeō	prohibēre	prohibuī	prohibitum
proles	Noun	prōlēs	prōlis	f
promissum	Noun	prōmissum	prōmissī	n
pronus	Adjective	prōnus	prōna	prōnum
propero	Verb	properō	properāre	properāvī	properātum
proprius	Adjective	proprius	propria	proprium
prora	Noun	prōra	prōrae	f
prospectus	Noun	prospectus	prospectūs	m
prospicio	Verb	prōspiciō	prōspicere	prōspexī	prōspectum
pubes	Adjective	pūbes	pūberis
pubes	Noun	pūbes	pūbis	f
puer	Noun	puer	puerī	m
pugno	Verb	pugnō	pugnāre	pugnāvī	pugnātum
pulcher	Adjective	pulcher	pulchra	pulchrum
pulsus	Noun	pulsus	pulsūs	m
pulvis	Noun	pulvis	pulveris	m
punicus	Adjective	pūnicus	pūnica	pūnicum
puppis	Noun	puppis	puppis	f
purgo	Verb	purgō	purgāre	purgāvī	purgātum
purpureus	Adjective	purpūreus	purpūrea	purpūreum
quaero	Verb	quaerō	quaerere	quaesīvī	quaesītum
qualis	Adjective	quālis	quāle
quantus	Adjective	quantus	quanta	quantum
quies	Noun	quiēs	quiētis	f
rapidus	Adjective	rapidus	rapida	rapidum
rapio	Verb	rapiō	rapere	rapuī	raptum
rapto	Verb	raptō	raptāre	raptāvī	raptātum
raptus	Noun	raptus	raptūs	m
rarus	Adjective	rārus	rāra	rārum
ratis	Noun	ratis	ratis	f
recens	Adjective	recēns	recentis
receptus	Noun	receptus	receptūs	m
recludo	Verb	reclūdō	reclūdere	reclūsī	reclūsum
recondo	Verb	recondō	recondere	recondidī	reconditum
reddo	Verb	reddō	reddere	reddidī	redditum
redoleo	Verb	redoleō	redolēre	redoluī
reduco	Verb	redūcō	redūcere	redūxī	reductum
refero	Verb	referō	referre	rettulī	relātum
refulgeo	Verb	refulgeō	refulgēre	refulsī
regalis	Adjective	rēgālis	rēgāle
regia	Noun	rēgia	rēgiae	f
regina	Noun	rēgīna	rēgīnae	f
regio	Noun	regiō	regiōnis	f
regius	Adjective	rēgius	rēgia	rēgium
regno	Verb	rēgnō	rēgnāre	rēgnāvī	rēgnātum
regnum	Noun	rēgnum	rēgnī	n
rego	Verb	regō	regere	rēxī	rēctum
relatus	Noun	relātus	relātūs	m
remigium	Noun	rēmigium	rēmigiī	n
remordeo	Verb	remordeō	remordēre	remordī	remorsum
remotus	Adjective	remōtus	remōta	remōtum
remus	Noun	rēmus	rēmī	m
repono	Verb	repōnō	repōnere	reposuī	repositum
requiro	Verb	requīrō	requīrere	requīsīvī	requīsītum
resideo	Verb	resideō	residēre	resēdī	resessum
resisto	Verb	resistō	resistere	restitī
res	Noun	rēs	reī	f
respecto	Verb	respectō	respectāre	respectāvī	respectātum
respondeo	Verb	respondeō	respondēre	respondī	respōnsum
resto	Verb	restō	restāre	restitī	restātum
resurgo	Verb	resurgō	resurgere	resurrexī	resurrectum
retego	Verb	retegō	retegere	retēxī	retēctum
reviso	Verb	revīsō	revīsere	revīsī	revīs
revoco	Verb	revocō	revocāre	revocāvī	revocātum
rex	Noun	rēx	rēgis	m
rima	Noun	rīma	rīmae	f
ripa	Noun	rīpa	rīpae	f
romanus	Adjective	rōmānus	rōmāna	rōmānum
roseus	Adjective	roseus	rosea	roseum
rota	Noun	rota	rotae	f
rudens	Noun	rudēns	rudentis	m
ruina	Noun	ruīna	ruīnae	f
ruo	Verb	ruō	ruere	ruī	rutum
rupes	Noun	rūpēs	rūpis	f
rus	Noun	rūs	rūris	n
sacerdos	Noun	sacerdōs	sacerdōtis	m
saeculum	Noun	saeculum	saeculī	n
saepio	Verb	saepiō	saepīre	saepsī	saeptum
saevio	Verb	saeviō	saevīre	saeviī	saevītum
saevus	Adjective	saevus	saeva	saevum
sagitta	Noun	sagitta	sagittae	f
sagitto	Verb	sagittō	sagittāre	sagittāvī	sagittātum
salio	Verb	saliō	salīre	saluī	saltum
sal	Noun	sāl	salis	m
salto	Verb	saltō	saltāre	saltāvī	saltātum
salum	Noun	salum	salī	n
salus	Noun	salūs	salūtis	f
saluto	Verb	salūtō	salūtāre	salūtāvī	salūtātum
sanctus	Noun	sānctus	sānctī	m
sanguis	Noun	sanguis	sanguinis	m
sator	Noun	sator	satōris	m
saxum	Noun	saxum	saxī	n
scaena	Noun	scaena	scaenae	f
scelus	Noun	scelus	sceleris	n
sceptrum	Noun	scēptrum	scēptrī	n
scindo	Verb	scindō	scindere	scidī	scissum
scintilla	Noun	scintilla	scintillae	f
scio	Verb	sciō	scīre	scīvī	scītum
scopulus	Noun	scopulus	scopulī	m
scutum	Noun	scūtum	scūtī	n
secessus	Noun	sēcessus	sēcessūs	m
seco	Verb	secō	secāre	secuī	sectum
secundo	Verb	secundō	secundāre	secundāvī	secundātum
secundus	Adjective	secundus	secunda	secundum
securus	Adjective	sēcūrus	sēcūra	sēcūrum
sedeo	Verb	sedeō	sedēre	sēdī	sessum
sedes	Noun	sēdēs	sēdis	f
sedile	Noun	sedīle	sedilis	n
seditio	Noun	sēditiō	sēditiōnis	f
semita	Noun	sēmita	sēmitae	f
senatus	Noun	senātus	senātūs	m
sententia	Noun	sententia	sententiae	f
sentio	Verb	sentiō	sentīre	sēnsī	sēnsum
septimus	Adjective	septimus	septima	septimum
sequor	Verb	sequor	sequī	secūtus sum
series	Noun	seriēs	seriēī	f
sermo	Noun	sermō	sermōnis	m
servitium	Noun	servitium	servitiī	n
servo	Verb	servō	servāre	servāvī	servātum
siculus	Adjective	siculus	sicula	siculum
sidus	Noun	sīdus	sīderis	n
signum	Noun	signum	signī	n
silentium	Noun	silentium	silentiī	n
sileo	Verb	sileō	silēre	siluī
silex	Noun	silex	silicis	m
silva	Noun	silva	silvae	f
similis	Adjective	similis	simile
simulo	Verb	simulō	simulāre	simulāvī	simulātum
singulus	Adjective	singulus	singula	singulum
sino	Verb	sinō	sinere	sīvī	situm
sinus	Noun	sinus	sinūs	m
socius	Adjective	socius	socia	socium
solium	Noun	solium	solii	n
sol	Noun	sōl	sōlis	m
solor	Verb	sōlor	sōlārī	sōlātus sum
solum	Noun	solum	solī	n
solus	Adjective	sōlus	sōla	sōlum
solvo	Verb	solvō	solvere	solvī	solūtum
somnus	Noun	somnus	somnī	m
sopio	Noun	sōpiō	sōpiōnis	m
sopio	Verb	sōpiō	sōpīre	sōpīvī	sōpītum
soror	Noun	soror	sorōris	f
sors	Noun	sors	sortis	f
speculor	Verb	speculor	speculārī	speculātus sum
spelunca	Noun	spēlunca	spēluncae	f
spero	Verb	spērō	spērāre	spērāvī	spērātum
spes	Noun	spēs	speī	f
splendidus	Adjective	splendidus	splendida	splendidum
spolio	Verb	spoliō	spoliāre	spoliāvī	spoliātum
spolium	Noun	spolium	spoliī	n
sponda	Noun	sponda	spondae	f
spuma	Noun	spūma	spūmae	f
stabilio	Verb	stabiliō	stabilīre	stabilīvī	stabilītum
statuo	Verb	statuō	statuere	statuī	statūtum
sterno	Verb	sternō	sternere	strāvī	strātum
stipo	Verb	stīpō	stīpāre	stīpāvī	stīpātum
sto	Verb	stō	stāre	stetī	statum
strata	Noun	strāta	strātae	f
stratum	Noun	strātum	strātī	n
stratus	Noun	strātus	strātūs	m
strepitus	Noun	strepitus	strepitūs	m
stridor	Noun	strīdor	strīdōris	m
strido	Verb	strīdō	strīdere	strīdī
stringo	Verb	stringō	stringere	strīnxī	strictum
struo	Verb	struō	struere	struxī	structum
studium	Noun	studium	studiī	n
stupeo	Verb	stupeō	stupēre	stupuī	stupītum
suadeo	Verb	suādeō	suādēre	suāsī	suāsum
subduco	Verb	subdūcō	subdūcere	subdūxī	subductum
subeo	Verb	subeō	subīre	subiī	subitum
sublimis	Adjective	sublīmīs
sublimis	Adjective	sublīmis	sublīme
sublimo	Verb	sublīmō	sublīmāre	sublīmāvī	sublīmātum
sublimus	Adjective	sublīmus	sublīma	sublīmum
subnixus	Adjective	subnixus	subnixa	subnixum
subvolvo	Verb	subvolvō	subvolvere
succedo	Verb	succēdō	succēdere	successī	successum
succurro	Verb	succurrō	succurrere	succurrī	succursum
sulco	Verb	sulcō	sulcāre	sulcāvī	sulcātum
summa	Noun	summa	summae	f
summum	Noun	summum	summī	n
summus	Adjective	summus	summa	summum
sum	Verb	sum	esse	fuī	futūrus
suo	Verb	suō	suere	suī	sūtum
superbia	Noun	superbia	superbiae	f
superbus	Adjective	superbus	superba	superbum
superemineo	Verb	superēmineō	superēminēre	superēminuī
supero	Verb	superō	superāre	superāvī	superātum
supersum	Verb	supersum	superesse	superfuī	superfutūrus
superus	Adjective	superus	supera	superum
supplex	Adjective	supplex	supplicis
supplex	Noun	supplex	supplicis	m
sura	Noun	sūra	sūrae	f
surgo	Verb	surgō	surgere	surrexī	surrectum
suspendo	Verb	suspendō	suspendere	suspendī	suspensum
suspicio	Noun	suspīciō	suspīciōnis	f
suspicio	Verb	suspiciō	suspicere	suspexī	suspectum
syrtis	Noun	syrtis	syrtis	f
tabula	Noun	tabula	tabulae	f
talis	Adjective	tālis	tāle
talus	Noun	tālus	tālī	m
tango	Verb	tangō	tangere	tetigī	tāctum
tantus	Adjective	tantus	tanta	tantum
tardus	Adjective	tardus	tarda	tardum
taurinus	Adjective	taurīnus	taurīna	taurīnum
taurus	Noun	taurus	taurī	m
tegmen	Noun	tegmen	tegminis	n
tela	Noun	tēla	tēlae	f
tellus	Noun	tellūs	tellūris	f
telum	Noun	tēlum	tēlī	n
tempero	Verb	temperō	temperāre	temperāvī	temperātum
tempestas	Noun	tempestās	tempestātis	f
templum	Noun	templum	templī	n
tempto	Verb	temptō	temptāre	temptāvī	temptātum
tempus	Noun	tempus	temporis	n
tendo	Verb	tendō	tendere	tetendī	tentum
teneo	Verb	teneō	tenēre	tenuī	tentum
tentorium	Noun	tentōrium	tentōrīi	n
tergeo	Verb	tergeō	tergēre	tersī	tersum
tergo	Verb	tergō	tergere	tersī	tersum
tergum	Noun	tergum	tergī	n
tergus	Noun	tergus	tergoris	n
termino	Verb	terminō	termināre	termināvī	terminātum
ternus	Adjective	ternus	terna	ternum
terra	Noun	terra	terrae	f
terreo	Verb	terreō	terrēre	terruī	territum
tertius	Adjective	tertius	tertia	tertium
testudo	Noun	testūdō	testūdinis	m
theatrum	Noun	theātrum	theātrī	n
thesaurus	Noun	thēsaurus	thēsaurī	m
thymus	Noun	thymus	thymī	m
timeo	Verb	timeō	timēre	timuī
timor	Noun	timor	timōris	m
tollo	Verb	tollō	tollere	sustulī	sublātum
tonsa	Noun	tōnsa	tōnsae	f
torqueo	Verb	torqueō	torquēre	torsī	tortum
torreo	Verb	torreō	torrēre	torruī	tostum
torus	Noun	torus	torī	m
totus	Adjective	tōtus	tōta	tōtum
trabs	Noun	trabs	trabis	f
traho	Verb	trahō	trahere	trāxī	tractum
transeo	Verb	trānseō	trānsīre	trānsiī	trānsitum
transfero	Verb	trānsferō	trānsferre	trānstulī	trānslātum
tridens	Adjective	tridēns	tridentis
tridens	Noun	tridēns	tridentis	m
tristis	Adjective	trīstis	trīste
tueor	Verb	tueor	tuērī	tuitus sum
tumidus	Adjective	tumidus	tumida	tumidum
turba	Noun	turba	turbae	f
turbo	Noun	turbō	turbinis	m
tus	Noun	tūs	tūris	n
tutus	Adjective	tūtus	tūta	tūtum
tyrannus	Noun	tyrannus	tyrannī	m
uber	Noun	ūber	ūberis	n
ullus	Adjective	ūllus	ūlla	ūllum
umbra	Noun	umbra	umbrae	f
umecto	Verb	ūmectō	ūmectāre	ūmectāvī	ūmectātum
umerus	Noun	umerus	umerī	m
uncus	Adjective	uncus	unca	uncum
uncus	Noun	uncus	uncī	m
unda	Noun	unda	undae	f
urbs	Noun	urbs	urbis	f
urgeo	Verb	urgeō	urgēre	ursī
uro	Verb	ūrō	ūrere	ussī	ustum
usus	Noun	ūsus	ūsūs	m
utor	Verb	ūtor	ūtī	ūsus sum
vaco	Verb	vacō	vacāre	vacāvī	vacātum
vado	Verb	vādō	vādere	vāsī
vadum	Noun	vadum	vadī	n
validus	Adjective	validus	valida	validum
vallis	Noun	vallis	vallis	f
vanus	Adjective	vānus	vāna	vānum
vario	Verb	variō	variāre	variāvī	variātum
varius	Adjective	varius	varia	varium
vasto	Verb	vastō	vastāre	vastāvī	vastātum
vastus	Adjective	vastus	vasta	vastum
vectis	Noun	vectis	vectis	m
veho	Verb	vehō	vehere	vexī	vectum
velamen	Noun	vēlāmen	vēlāminis	n
velo	Verb	vēlō	vēlāre	vēlāvī	vēlātum
velum	Noun	vēlum	vēlī	n
venatrix	Noun	vēnātrīx	vēnātrīcis	f
vendo	Verb	vēndō	vēndere	vēndidī	vēnditum
veneno	Verb	venēnō	venēnāre	venēnāvī	venēnātum
venenum	Noun	venēnum	venēnī	n
venia	Noun	venia	veniae	f
venio	Verb	veniō	venīre	vēnī	ventum
vento	Verb	ventō	ventāre
ventus	Noun	ventus	ventī	m
venus	Noun	vēnus	vēnūs	m
verbum	Noun	verbum	verbī	n
vereor	Verb	vereor	verēri	veritus sum
ver	Noun	vēr	vēris	n
vero	Verb	vēro	vērāre	-	-
verro	Verb	verrō	verrere	verrī	versum
verso	Verb	versō	versāre	versāvī	versātum
vertex	Noun	vertex	verticis	m
verto	Verb	vertō	vertere	vertī	versum
verus	Adjective	vērus	vēra	vērum
vescor	Verb	vescor	vescī
vestio	Verb	vestiō	vestīre	vestīvī	vestītum
vestis	Noun	vestis	vestis	f
veteres	Noun	veterēs	veterum	m-p
veto	Verb	vetō	vetāre	vetuī	vetitum
vetus	Adjective	vetus	veteris
via	Noun	via	viae	f
victor	Adjective	victor	victoris
victor	Noun	victor	victōris	m
victus	Noun	victus	victūs	m
video	Verb	videō	vidēre	vīdī	vīsum
villa	Noun	vīlla	vīllae	f
vincio	Verb	vinciō	vincīre	vinxī	vinctum
vinco	Verb	vincō	vincere	vīcī	victum
vinculo	Verb	vinculō	vinculāre	vinculāvī	vinculātum
vinculum	Noun	vinculum	vinculī	n
vinum	Noun	vīnum	vīnī	n
vireo	Noun	vireō	vireōnis	m
vireo	Verb	vireō	virēre	viruī
virgo	Noun	virgō	virginis	f
vir	Noun	vir	virī	m
virtus	Noun	virtūs	virtūtis	f
virus	Noun	vīrus	vīrī	n
viscus	Noun	viscus	visceris	n
vis	Noun	vīs	vīs	f
visum	Noun	visum	visi	n
visus	Noun	vīsus	vīsūs	m
vitalis	Adjective	vītālis	vītāle
vivo	Verb	vīvō	vīvere	vīxī	vīctum
voco	Verb	vocō	vocāre	vocāvī	vocātum
volgus	Noun	volgus	volgī	n
volnus	Noun	volnus	volneris	n
volo	Verb	volō	velle	voluī	-
voltus	Noun	voltus	voltūs	m
volucer	Adjective	volucer	volucris	volucre
voluto	Verb	volūtō	volūtāre	volūtāvī	volūtātum
volvo	Verb	volvō	volvere	volvī	volūtum
voro	Verb	vorō	vorāre	vorāvī	vorātum
vortex	Noun	vortex	vorticis	m
votum	Noun	vōtum	vōtī	n
vox	Noun	vōx	vōcis	f
